City_ID,City,Lat,Lng,Max Temp,Humidity,Cloudiness,Wind Speed,Country,Date
0,longyearbyen,78.2186,15.6401,39.04,65,40,19.57,SJ,1718294516
1,yellowknife,62.456,-114.3525,62.42,58,40,8.05,CA,1718294474
2,luwingu,-10.2621,29.9271,63.77,49,14,4.47,ZM,1718294518
3,pisco,-13.7,-76.2167,64.45,82,100,2.3,PE,1718294518
4,banjar,-8.19,114.9675,76.64,91,28,3.89,ID,1718294518
5,bilibino,68.0546,166.4372,52.21,56,4,1.72,RU,1718294518
6,keflavik,64.0049,-22.5624,58.91,93,100,28.77,IS,1718294326
7,hermanus,-34.4187,19.2345,59.81,80,17,2.19,ZA,1718294316
8,adamstown,-25.066,-130.1015,67.75,63,3,9.75,PN,1718294518
9,ribeira grande,38.5167,-28.7,75.6,78,75,10.36,PT,1718294518
10,grytviken,-54.2811,-36.5092,31.06,98,100,14.14,GS,1718294519
11,port-aux-francais,-49.35,70.2167,36.5,71,86,19.89,TF,1718294519
12,badger,64.8,-147.5333,54.99,86,100,1.99,US,1718294521
13,avarua,-21.2078,-159.775,71.65,88,75,3.44,CK,1718294521
14,kailua-kona,19.6406,-155.9956,75.16,91,75,5.75,US,1718294408
15,taroa,8.7058,171.2275,82.85,76,100,21.32,MH,1718294522
16,embarcacion,-23.209,-64.096,83.21,60,14,3.27,AR,1718294522
17,saipan,15.1355,145.701,83.1,78,40,16.11,MP,1718294335
18,san luis de la loma,17.2706,-100.8939,85.19,66,94,4.41,MX,1718294522
19,linxia chengguanzhen,35.6003,103.2064,52.74,74,54,4.65,CN,1718294523
20,zeya,53.75,127.2667,56.48,56,100,3.0,RU,1718294523
21,usinsk,65.9939,57.5281,62.08,76,99,8.99,RU,1718294523
22,tazacorte,28.629,-17.9293,74.16,68,75,16.11,ES,1718294523
23,colonia,50.9333,6.95,70.97,38,0,5.75,DE,1718294411
24,ketchikan,55.3422,-131.6461,52.34,68,99,1.19,US,1718294523
25,kodiak,57.79,-152.4072,45.77,89,95,5.57,US,1718294524
26,tshikapa,-6.4167,20.8,89.31,34,8,2.26,CD,1718294525
27,bredasdorp,-34.5322,20.0403,55.4,89,17,5.48,ZA,1718294525
28,waitangi,-43.9535,-176.5597,48.81,72,78,14.92,NZ,1718294525
29,ust-nera,64.5667,143.2,51.12,85,100,3.71,RU,1718294525
30,papatowai,-46.5619,169.4708,44.31,89,100,2.73,NZ,1718294525
31,stanley,54.868,-1.6985,53.28,83,75,8.05,GB,1718294525
32,hawaiian paradise park,19.5933,-154.9731,70.03,97,12,4.52,US,1718294525
33,port mathurin,-19.6833,63.4167,75.09,77,95,27.13,MU,1718294497
34,kidal,18.4411,1.4078,109.35,10,55,6.96,ML,1718294526
35,kargasok,59.0556,80.8572,70.97,58,20,4.0,RU,1718294526
36,whitehorse,60.7161,-135.0538,47.8,54,75,3.44,CA,1718294469
37,ust'-kulom,61.6864,53.6902,64.58,91,36,8.75,RU,1718294526
38,lompoc,34.6391,-120.4579,60.94,88,100,1.01,US,1718294471
39,albany,42.6001,-73.9662,80.8,59,95,1.99,US,1718294304
40,tirana,41.3275,19.8189,83.28,48,40,10.36,AL,1718294377
41,mil'kovo,55.6078,37.7956,66.34,95,98,11.23,RU,1718294526
42,minas de marcona,-15.2119,-75.1103,63.99,54,18,7.09,PE,1718294453
43,beacon square,28.2086,-82.7554,92.26,67,1,5.01,US,1718294526
44,nuuk,64.1835,-51.7216,41.88,70,22,10.0,GL,1718294526
45,huilong,31.8111,121.655,72.45,91,100,7.94,CN,1718294527
46,gevas,38.2968,43.1083,67.35,46,6,1.66,TR,1718294527
47,nieuw amsterdam,5.8833,-55.0833,83.07,77,44,6.91,SR,1718294527
48,tromso,69.6496,18.957,53.62,71,0,14.97,NO,1718294277
49,port elizabeth,-33.918,25.5701,61.32,83,0,4.61,ZA,1718294486
50,qarqaraly,49.4058,75.4742,57.83,68,94,5.06,KZ,1718294528
51,chul'man,56.8479,124.9104,50.27,93,97,3.0,RU,1718294425
52,zakynthos,37.7914,20.8953,88.92,40,0,4.61,GR,1718294528
53,formosa,-26.1775,-58.1781,89.96,37,81,5.01,AR,1718294440
54,bethel,41.3712,-73.414,84.34,55,43,1.99,US,1718294528
55,blackmans bay,-43.0167,147.3167,44.73,92,99,1.01,AU,1718294528
56,margaret river,-33.95,115.0667,53.78,76,51,2.1,AU,1718294528
57,wailua homesteads,22.0669,-159.378,69.85,79,6,9.42,US,1718294528
58,tqvarch'eli,42.8404,41.6801,72.0,84,72,1.45,GE,1718294528
59,san patricio,28.017,-97.5169,92.91,55,0,1.7,US,1718294528
60,iqaluit,63.7506,-68.5145,37.13,81,100,9.22,CA,1718294492
61,puerto ayora,-0.7393,-90.3518,78.76,81,44,5.01,EC,1718294529
62,weno,7.4515,151.8468,81.86,81,100,9.91,FM,1718294529
63,tolanaro,-25.0319,46.9987,69.87,100,75,4.61,MG,1718294529
64,ilulissat,69.2167,-51.1,32.81,91,62,0.56,GL,1718294529
65,lata,40.1629,-8.3327,70.07,32,33,9.91,PT,1718294529
66,tiksi,71.6872,128.8694,41.76,73,23,3.24,RU,1718294529
67,puerto natales,-51.7236,-72.4875,45.05,61,75,34.52,CL,1718294530
68,saudarkrokur,65.7461,-19.6394,54.54,68,79,6.78,IS,1718294530
69,carnarvon,-24.8667,113.6333,69.06,59,77,13.65,AU,1718294530
70,vorgashor,67.5833,63.95,45.81,100,100,1.07,RU,1718294530
71,palmer,42.1584,-72.3287,82.92,46,45,1.01,US,1718294530
72,iquique,-20.2208,-70.1431,66.24,70,21,6.4,CL,1718294293
73,kavieng,-2.5744,150.7967,81.64,75,94,4.81,PG,1718294530
74,belyy yar,53.6039,91.3903,64.29,77,0,4.47,RU,1718294530
75,alo,7.4178,6.7371,91.87,52,75,5.55,NG,1718294530
76,namibe,-15.1961,12.1522,74.35,56,0,7.49,AO,1718294530
77,ofunato,39.0717,141.7167,64.42,89,16,6.11,JP,1718294531
78,tezu,27.9167,96.1667,75.81,96,94,3.44,IN,1718294531
79,nowshahr,36.649,51.496,80.55,69,75,4.61,IR,1718294403
80,sitka,57.0531,-135.33,52.14,74,84,0.6,US,1718294531
81,ibia,-19.4783,-46.5389,78.91,25,0,8.7,BR,1718294531
82,novodzhereliyevskaya,45.7737,38.6723,81.48,36,4,10.63,RU,1718294531
83,nemuro,43.3236,145.575,47.82,98,100,10.87,JP,1718294531
84,wanning,18.8003,110.3967,81.77,91,100,7.61,CN,1718294531
85,al qusayr,34.5091,36.5798,94.98,18,0,13.62,SY,1718294531
86,hobyo,5.3505,48.5268,79.93,76,90,25.05,SO,1718294531
87,georgetown,5.4112,100.3354,87.75,62,20,8.05,MY,1718294375
88,klyuchi,52.2667,79.1667,69.67,65,96,6.62,RU,1718294532
89,holualoa,19.6228,-155.9522,71.44,94,75,5.75,US,1718294532
90,hamilton,39.1834,-84.5333,84.63,47,4,3.0,US,1718294532
91,port moresby,-9.4431,147.1797,76.42,88,40,17.27,PG,1718294532
92,puerto deseado,-47.7503,-65.8938,41.77,59,52,9.51,AR,1718294532
93,chibougamau,49.9168,-74.3659,62.22,82,100,14.97,CA,1718294509
94,happy valley-goose bay,53.3168,-60.3315,70.11,64,75,6.91,CA,1718294413
95,vilyuysk,63.7553,121.6247,63.0,51,61,3.0,RU,1718294533
96,mugia,43.1041,-9.2179,63.91,96,100,18.92,ES,1718294534
97,kirakira,-10.4544,161.9205,76.89,88,100,4.85,SB,1718294534
98,mar del plata,-38.0023,-57.5575,71.62,87,75,14.97,AR,1718294348
99,puerto baquerizo moreno,-0.9,-89.6,76.19,69,40,9.22,EC,1718294237
100,olonkinbyen,70.9221,-8.7187,34.83,90,43,10.02,SJ,1718294534
101,pithoro,25.5167,69.3833,92.46,50,11,21.88,PK,1718294534
102,mancio lima,-7.6142,-72.8958,82.47,78,75,4.61,BR,1718294534
103,port alfred,-33.5906,26.891,58.17,82,0,4.03,ZA,1718294535
104,antsiranana,-12.2787,49.2917,81.36,74,40,0.0,MG,1718294535
105,petauke,-14.2426,31.3253,62.73,35,0,6.22,ZM,1718294535
106,kapa'a,22.0752,-159.319,71.19,79,9,10.78,US,1718294535
107,new norfolk,-42.7826,147.0587,45.9,89,100,1.23,AU,1718294535
108,ongjin,37.9347,125.3619,66.27,85,0,1.48,KP,1718294429
109,thompson,55.7435,-97.8558,48.36,49,40,0.0,CA,1718294536
110,gobabis,-22.45,18.9667,64.71,22,0,10.58,NA,1718294536
111,djambala,-2.5447,14.7533,85.84,38,5,3.96,CG,1718294537
112,vila franca do campo,37.7167,-25.4333,70.21,83,90,7.16,PT,1718294471
113,egilsstadir,65.2653,-14.3948,53.51,54,75,23.02,IS,1718294553
114,kushk,33.2957,61.9522,88.38,14,1,29.35,AF,1718294553
115,anadyr,64.75,177.4833,36.1,100,75,2.24,RU,1718294471
116,chom thong,18.4174,98.6743,82.65,94,99,4.63,TH,1718294553
117,isafjordur,66.0755,-23.124,60.84,48,0,8.05,IS,1718294553
118,mindelo,16.8901,-24.9804,81.95,57,20,27.63,CV,1718294553
119,dunedin,-45.8742,170.5036,44.8,97,100,1.01,NZ,1718294454
120,ushuaia,-54.8,-68.3,38.82,93,100,17.27,AR,1718294470
121,bac kan,22.1333,105.8333,81.88,86,100,1.03,VN,1718294554
122,ahmedabad,23.0333,72.6167,91.44,58,40,11.5,IN,1718294554
123,susuman,62.7833,148.1667,53.98,60,100,15.99,RU,1718294554
124,nicoya,10.1483,-85.452,85.24,74,100,5.35,CR,1718294554
125,chonchi,-42.6128,-73.8092,55.11,97,99,3.91,CL,1718294489
126,aasiaat,68.7098,-52.8699,33.49,82,97,5.19,GL,1718294308
127,sandnessjoen,66.0217,12.6316,68.52,63,20,12.66,NO,1718294554
128,isola di capo rizzuto,38.96,17.0933,78.19,53,98,15.99,IT,1718294524
129,san matias,-16.3667,-58.4,95.9,19,19,12.24,BO,1718294554
130,vesoul,47.5833,5.8333,70.61,57,48,2.26,FR,1718294555
131,invercargill,-46.4,168.35,43.02,98,100,10.0,NZ,1718294555
132,mogadishu,2.0371,45.3438,79.27,84,21,16.93,SO,1718294494
133,nar'yan-mar,67.6713,53.087,60.12,64,100,11.01,RU,1718294555
134,mejit,10.2753,170.8646,82.38,75,60,20.47,MH,1718294555
135,mata-utu,-13.2816,-176.1745,81.97,80,7,8.16,WF,1718294555
136,punta arenas,-53.15,-70.9167,39.31,81,0,37.98,CL,1718294401
137,cabo san lucas,22.8909,-109.9124,80.62,92,100,4.61,MX,1718293981
138,howrah,22.5892,88.3103,89.6,84,40,10.36,IN,1718294408
139,vallenar,-28.5708,-70.7581,64.83,45,100,7.94,CL,1718294409
140,haiku-pauwela,20.9219,-156.3051,71.26,77,15,8.99,US,1718294556
141,biysk,52.5364,85.2072,62.11,91,10,1.92,RU,1718294556
142,al ghayzah,16.2079,52.176,88.16,71,61,8.57,YE,1718294556
143,edinburgh of the seven seas,-37.0676,-12.3116,54.01,77,96,7.9,SH,1718294556
144,robit,12.0167,39.6333,80.94,30,7,7.94,ET,1718294556
145,cedar falls,42.5278,-92.4455,86.22,62,58,3.0,US,1718294473
146,itarantim,-15.6597,-40.0656,80.13,57,68,7.49,BR,1718294556
147,mount pearl,47.5166,-52.7813,63.84,79,20,31.07,CA,1718294556
148,balqash,46.8481,74.995,68.88,49,50,15.08,KZ,1718294426
149,bumba,2.1833,22.4667,82.58,62,75,3.11,CD,1718294557
150,udachny,66.4167,112.4,58.44,79,100,16.96,RU,1718294497
151,kollam,8.8833,76.6,81.41,84,100,9.82,IN,1718294557
152,bardai,11.65,7.2333,97.92,24,38,7.74,NG,1718294557
153,jaisalmer,26.9147,70.9181,99.36,26,2,15.84,IN,1718294557
154,al buraymi,24.2509,55.7931,105.22,14,20,17.27,OM,1718294557
155,havre,49.5833,0.3333,64.35,52,0,12.66,FR,1718294557
156,mendi,-6.1761,143.6513,56.08,99,89,1.9,PG,1718294558
157,peschanokopskoye,46.1961,41.0775,80.51,51,59,4.27,RU,1718294558
158,tura,25.5198,90.2201,77.58,93,96,8.1,IN,1718294558
159,shahrud,36.4182,54.9763,78.87,39,100,5.97,IR,1718294558
160,ancud,-41.8697,-73.8203,52.95,89,100,12.1,CL,1718294276
161,igarka,67.4667,86.5833,52.02,94,100,8.99,RU,1718294558
162,kondopoga,62.2057,34.2614,69.48,53,93,1.12,RU,1718294558
163,arar,30.9753,41.0381,104.02,7,0,20.71,SA,1718294558
164,khvoynaya,58.9,34.5333,67.78,45,100,7.43,RU,1718294559
165,hasaki,35.7333,140.8333,64.8,87,3,7.45,JP,1718294559
166,korla,41.7597,86.1469,77.07,41,44,19.3,CN,1718294559
167,midvagur,62.0511,-7.1939,50.83,71,75,18.41,FO,1718294559
168,okhotsk,59.3833,143.3,41.5,90,50,5.59,RU,1718294559
169,itaituba,-4.2761,-55.9836,89.76,66,20,3.44,BR,1718294493
170,geraldton,-28.7667,114.6,55.81,88,0,5.75,AU,1718294284
171,constitucion,-35.3333,-72.4167,57.76,88,100,21.07,CL,1718294559
172,talnakh,69.4865,88.3972,50.2,78,82,8.7,RU,1718294379
173,las terrenas,19.311,-69.5428,89.22,79,20,6.91,DO,1718294559
174,iskateley,67.6803,53.1512,60.03,64,100,11.01,RU,1718294560
175,utrik,11.2278,169.8474,82.45,74,97,18.9,MH,1718294560
176,zhaotong,27.3167,103.7167,62.17,84,100,4.54,CN,1718294560
177,tanjungagung,-3.9333,103.8,75.16,95,100,2.86,ID,1718294560
178,atafu village,-8.5421,-172.5159,83.8,76,76,10.02,TK,1718294560
179,dudinka,69.4058,86.1778,50.68,86,100,10.0,RU,1718294560
180,nalut,30.3333,10.85,110.21,6,8,13.29,LY,1718294560
181,samamiya,11.3487,9.6399,102.04,21,65,9.73,NG,1718294561
182,pizarro,4.9533,-77.366,81.81,83,62,7.05,CO,1718294561
183,yarkovo,57.4028,67.0786,72.21,80,25,4.03,RU,1718294561
184,zintan,31.9223,12.252,82.22,43,86,17.72,LY,1718294561
185,champerico,14.3,-91.9167,81.14,86,100,5.55,GT,1718294561
186,tsiombe,-25.3,45.4833,68.86,90,12,8.12,MG,1718294561
187,nevel'sk,46.6733,141.8633,46.45,92,23,0.81,RU,1718294561
188,andong,36.5656,128.725,66.06,75,0,2.39,KR,1718294561
189,bokkos,9.3,9.0,81.18,50,71,8.39,NG,1718294561
190,byron bay,-28.65,153.6167,48.7,82,26,9.22,AU,1718294561
191,teguise,29.0605,-13.564,71.82,53,40,19.57,ES,1718294562
192,la mira,18.035,-102.3266,86.83,53,99,5.23,MX,1718294562
193,kolonia town,6.964,158.206,83.16,75,84,6.96,FM,1718294562
194,zhanaozen,43.3,52.8,88.27,31,8,16.8,KZ,1718294562
195,katima mulilo,-17.5,24.2667,67.44,23,1,4.88,NA,1718294562
196,horta,38.5333,-28.6333,74.84,78,75,10.36,PT,1718294562
197,cadale,2.7603,46.3222,79.61,81,54,18.48,SO,1718294562
198,gabrovo,42.8747,25.3342,73.62,90,99,4.5,BG,1718294562
199,ola,59.5833,151.2833,53.15,87,13,1.05,RU,1718294562
200,touros,-5.1989,-35.4608,85.15,62,80,14.18,BR,1718294470
201,la passe,45.5549,-0.8967,73.63,60,100,8.81,FR,1718294563
202,sommacampagna,45.4066,10.8437,73.29,49,40,2.3,IT,1718294563
203,flying fish cove,-10.4217,105.6791,78.48,88,100,6.91,CX,1718294563
204,aykhal,66.0,111.5,49.21,92,100,20.15,RU,1718294563
205,boa vista,2.8197,-60.6733,80.58,78,75,4.61,BR,1718294444
206,crane,31.3974,-102.3501,86.05,54,0,14.2,US,1718294563
207,kingston,17.997,-76.7936,87.17,74,20,19.57,JM,1718294415
208,lazaro cardenas,17.9583,-102.2,86.43,57,100,3.27,MX,1718294296
209,kalmunai,7.4167,81.8167,83.97,74,100,3.2,LK,1718294563
210,sinabang,2.4803,96.3801,81.16,80,99,4.16,ID,1718294563
211,ta`u,-14.2336,-169.5144,81.97,81,100,20.11,AS,1718294564
212,college,64.8569,-147.8028,55.08,90,100,4.14,US,1718294564
213,malango,-2.9627,119.9001,67.33,99,100,0.89,ID,1718294564
214,at taj,24.2049,23.2857,101.91,8,0,13.06,LY,1718294564
215,malmberget,67.1753,20.6549,57.76,55,40,11.5,SE,1718294564
216,smithers,54.7804,-127.1743,41.32,81,40,3.44,CA,1718294442
217,kampong pangkal kalong,5.9167,102.2167,83.98,90,83,1.01,MY,1718294564
218,beyneu,45.3167,55.2,87.13,18,74,19.64,KZ,1718294564
219,khanty-mansiysk,61.0042,69.0019,77.11,47,0,0.0,RU,1718294564
220,katsuren-haebaru,26.3369,127.8719,79.09,96,100,10.74,JP,1718294565
221,cidreira,-30.1811,-50.2056,73.85,60,100,7.09,BR,1718294565
222,toamasina,-18.1667,49.3833,75.2,94,20,6.91,MG,1718294565
223,griffith,41.5284,-87.4237,86.95,58,0,20.71,US,1718294565
224,lusambo,-4.9667,23.45,85.84,41,15,2.33,CD,1718294349
225,cockburn town,21.4612,-71.1419,82.02,85,89,13.51,TC,1718294543
226,kalianget,-7.05,113.9333,80.13,81,54,4.9,ID,1718294565
227,tofol,5.3248,163.0078,83.3,72,100,6.26,FM,1718294565
228,newman,37.3138,-121.0208,72.25,66,0,3.0,US,1718294565
229,monteiro,-7.8894,-37.12,90.55,28,97,13.8,BR,1718294566
230,porto franco,-6.3383,-47.3992,95.7,33,15,8.08,BR,1718294471
231,san antonio de pale,-1.4014,5.6325,77.74,85,99,11.48,GQ,1718294480
232,santana,-0.0583,-51.1817,87.98,70,40,6.91,BR,1718294566
233,lagoa santa,-19.6272,-43.8897,78.15,39,0,11.5,BR,1718294448
234,gornopravdinsk,60.05,69.9,71.04,86,40,2.98,RU,1718294566
235,ballina,-28.8667,153.5667,48.78,83,29,10.67,AU,1718294333
236,inyonga,-6.7167,32.0667,71.62,45,0,3.6,TZ,1718294566
237,el dovio,4.5079,-76.2362,73.06,77,92,1.86,CO,1718294566
238,fale old settlement,-9.3852,-171.2468,83.35,75,78,12.95,TK,1718294566
239,glendive,47.1053,-104.7125,71.76,32,0,13.8,US,1718294402
240,jamestown,42.097,-79.2353,81.99,52,0,12.66,US,1718294377
241,saynshand,44.8824,110.1163,65.35,38,28,12.97,MN,1718294567
242,lebu,-37.6167,-73.65,55.4,90,100,20.04,CL,1718294298
243,san francisco,37.7749,-122.4194,65.05,84,40,14.0,US,1718294189
244,hsinchu,24.8036,120.9686,84.88,75,100,4.0,TW,1718294471
245,deoli,25.75,75.3833,97.03,27,80,7.54,IN,1718294567
246,zabol,32.25,67.25,80.8,9,54,11.9,AF,1718294567
247,praia da vitoria,38.7333,-27.0667,79.05,69,40,15.21,PT,1718294567
248,inhambane,-23.865,35.3833,73.38,64,40,3.44,MZ,1718294567
249,constantia,44.1833,28.65,81.7,74,74,15.43,RO,1718294456
250,san andres,12.5847,-81.7006,89.62,70,20,4.61,CO,1718294568
251,naze,28.3667,129.4833,74.32,93,100,3.2,JP,1718294568
252,arkhangel'sk,64.5401,40.5433,73.51,43,40,8.95,RU,1718294568
253,rutland,43.6167,-73.0162,78.26,56,0,4.61,US,1718294486
254,inari,68.906,27.0288,57.96,59,98,6.87,FI,1718294568
255,port lincoln,-34.7333,135.8667,57.06,88,95,10.92,AU,1718294568
256,thinadhoo,0.5333,72.9333,83.86,73,13,7.4,MV,1718294568
257,opuwo,-18.0607,13.84,75.16,14,0,11.01,NA,1718294569
258,arraial do cabo,-22.9661,-42.0278,84.06,42,0,17.27,BR,1718294569
259,malabar,-33.9667,151.25,53.13,74,96,6.91,AU,1718294569
260,nishinoomote,30.7333,131.0,75.63,87,57,10.58,JP,1718294569
261,lib,8.3122,167.3766,82.6,81,100,22.66,MH,1718294569
262,bria,6.5423,21.9863,84.24,63,59,2.37,CF,1718294569
263,west island,-12.1568,96.8225,78.78,94,40,14.97,CC,1718294569
264,richmond,37.5538,-77.4603,87.24,63,0,6.91,US,1718294542
265,mikuni,36.2171,136.1519,69.71,84,39,4.65,JP,1718294569
266,klaksvik,62.2266,-6.589,50.92,80,92,20.2,FO,1718294569
267,narvik,68.4384,17.4272,65.37,69,95,8.93,NO,1718294482
268,taungoo,18.9333,96.4333,76.59,94,100,5.95,MM,1718294570
269,puerto cabezas,14.0351,-83.3888,89.56,74,40,4.61,NI,1718294570
270,dakhla,23.6848,-15.958,75.22,60,4,28.77,EH,1718294570
271,cabedelo,-6.9811,-34.8339,86.67,76,100,14.12,BR,1718294451
272,hopelchen,19.7667,-89.85,90.0,55,100,2.35,MX,1718294570
273,berezovyy,51.6667,135.7,42.94,96,58,2.48,RU,1718294570
274,lihue,21.9789,-159.3672,70.45,79,3,10.25,US,1718294451
275,patterson,37.4716,-121.1297,71.02,67,6,1.72,US,1718294399
276,rioblanco,3.5308,-75.6806,69.76,66,62,4.29,CO,1718294571
277,inarajan village,13.2736,144.7484,80.74,93,77,14.9,GU,1718294571
278,kharp,66.8014,65.8081,64.71,87,99,7.61,RU,1718294571
279,maintirano,-18.0667,44.0167,76.05,69,5,11.9,MG,1718294571
280,nchelenge,-9.3451,28.734,72.48,55,12,3.29,ZM,1718294571
281,alice springs,-23.7,133.8833,49.55,81,0,4.61,AU,1718294571
282,faaborg,55.0951,10.2423,55.4,73,97,14.63,DK,1718294571
283,cody,44.5263,-109.0565,71.2,24,0,5.99,US,1718294571
284,tomatlan,19.9333,-105.25,89.22,48,93,4.38,MX,1718294571
285,saldanha,-33.0117,17.9442,68.05,82,4,9.62,ZA,1718294571
286,chapadinha,-3.7417,-43.3603,92.5,44,16,5.06,BR,1718294562
287,kingscliff,-28.2667,153.5667,48.76,100,30,1.14,AU,1718294572
288,parauapebas,-6.0675,-49.9022,87.78,54,0,9.22,BR,1718294469
289,novodvinsk,64.4165,40.8122,73.15,60,100,6.33,RU,1718294572
290,shache,38.4167,77.2406,81.97,21,91,15.17,CN,1718294572
291,magadan,59.5667,150.8,52.54,88,7,0.43,RU,1718294572
292,khamis mushait,18.3064,42.7292,81.21,39,40,11.5,SA,1718294572
293,daru,-9.0763,143.2092,76.41,86,100,12.77,PG,1718294572
294,myshkin,57.7897,38.4545,63.09,93,100,12.77,RU,1718294573
295,mossel bay,-34.1831,22.146,60.73,82,14,6.91,ZA,1718294573
296,cochin,9.9399,76.2602,82.38,80,100,6.55,IN,1718294573
297,nadym,65.5333,72.5167,70.97,61,94,9.06,RU,1718294573
298,zhangye,38.9342,100.4517,73.9,32,85,11.9,CN,1718294573
299,qaqortoq,60.7167,-46.0333,43.43,67,0,2.26,GL,1718294573
300,puerto leguizamo,-0.1934,-74.7819,72.99,98,98,2.73,CO,1718294573
301,vilyuchinsk,52.9306,158.4028,47.93,99,100,9.6,RU,1718294573
302,mount pleasant,32.7941,-79.8626,86.2,82,75,14.97,US,1718294539
303,timbuktu,16.7735,-3.0074,94.5,36,99,36.86,ML,1718294574
304,tyukhtet,56.5389,89.3011,62.6,73,13,1.7,RU,1718294574
305,funafuti,-8.5243,179.1942,82.4,89,75,0.0,TV,1718294574
306,vadso,70.0744,29.7487,47.28,81,40,14.97,NO,1718294574
307,mahajanga,-15.7167,46.3167,78.82,73,20,6.91,MG,1718294574
308,tafresh,34.692,50.013,71.94,38,91,5.17,IR,1718294574
309,sabang,5.8933,95.3214,85.55,75,43,14.63,ID,1718294574
310,vikulovo,56.8167,70.6107,67.32,95,76,3.2,RU,1718294574
311,enewetak,11.3474,162.3373,82.54,80,100,21.07,MH,1718294575
312,portland,45.5234,-122.6762,61.41,69,46,1.99,US,1718294404
313,abu ghurayb,33.3083,44.185,109.35,10,0,11.5,IQ,1718294575
314,borkum,53.5809,6.6915,63.95,69,100,10.54,DE,1718294575
315,tyukalinsk,55.8732,72.1967,64.87,92,97,6.42,RU,1718294596
316,cholpon-ata,42.6494,77.0823,57.25,74,29,4.16,KG,1718294596
317,port blair,11.6667,92.75,82.44,89,40,5.75,IN,1718294394
318,rio preto da eva,-2.6994,-59.6997,90.73,54,3,3.87,BR,1718294596
319,macas,-2.3167,-78.1167,71.35,88,75,2.3,EC,1718294412
320,lewistown,40.5992,-77.5714,83.53,73,100,4.61,US,1718294297
321,princeville,45.7668,-61.2985,74.61,70,0,11.01,CA,1718294522
322,mafra,-26.1114,-49.8053,75.81,36,11,7.11,BR,1718294597
323,ceres,37.5949,-120.9577,75.22,64,3,2.68,US,1718294444
324,kathmandu,27.7167,85.3167,80.82,69,40,4.61,NP,1718294372
325,queenstown,-31.8976,26.8753,52.12,40,0,2.28,ZA,1718294597
326,yakymivka,46.6897,35.1536,83.55,32,10,4.25,UA,1718294597
327,vysokiy,58.35,60.05,71.89,73,77,5.55,RU,1718294597
328,lekeitio,43.3666,-2.5007,81.54,52,91,8.57,ES,1718294597
329,sassandra,4.95,-6.0833,79.2,87,45,8.99,CI,1718294598
330,dzhetygara,52.1908,61.2006,79.09,50,73,8.28,KZ,1718294598
331,luba,3.4568,8.5547,85.89,84,44,9.4,GQ,1718294598
332,camana,-16.6228,-72.7111,67.32,71,11,8.37,PE,1718294598
333,duck lake,52.8168,-106.2344,59.97,75,94,8.5,CA,1718294598
334,yulinshi,38.2906,109.7494,80.58,29,100,15.14,CN,1718294598
335,uturoa,-16.7333,-151.4333,79.41,78,24,17.43,PF,1718294598
336,siuna,13.7332,-84.7773,90.07,59,50,3.51,NI,1718294598
337,leshan,29.5623,103.7639,77.36,72,100,2.59,CN,1718294599
338,st. john's,47.5649,-52.7093,64.67,79,20,31.07,CA,1718294517
339,luderitz,-26.6481,15.1594,65.17,60,0,5.3,NA,1718294599
340,yeraliyev,43.2,51.65,78.24,57,6,11.1,KZ,1718294599
341,walvis bay,-22.9575,14.5053,85.15,21,0,10.36,NA,1718294599
342,caleta de carquin,-11.0925,-77.6267,67.86,74,53,9.95,PE,1718294599
343,ionia,42.9873,-85.0711,82.85,61,0,16.11,US,1718294441
344,edinboro,41.8742,-80.1317,79.81,57,96,13.47,US,1718294599
345,kijang,35.2442,129.2139,69.53,81,0,4.7,KR,1718294599
346,piacabucu,-10.4056,-36.4344,79.63,84,65,10.47,BR,1718294522
347,williamson,30.6502,-97.6003,89.71,72,40,4.0,US,1718294600
348,east london,-33.0153,27.9116,59.94,82,0,1.14,ZA,1718294600
349,aral,40.5156,81.2636,85.77,22,17,9.51,CN,1718294600
350,abeche,13.8292,20.8324,105.82,18,20,6.91,TD,1718294600
351,calimaya,19.16,-99.6208,66.49,28,100,3.96,MX,1718294600
352,padangsidempuan,1.3667,99.2667,72.79,99,100,2.01,ID,1718294600
353,les sables-d'olonne,46.6667,-1.8333,61.59,70,100,11.88,FR,1718294600
354,akureyri,65.6835,-18.0878,66.13,37,0,6.91,IS,1718294600
355,urucara,-2.5364,-57.76,91.36,49,10,6.91,BR,1718294601
356,hirara,24.8,125.2833,82.67,100,100,9.22,JP,1718294409
357,villa gesell,-37.2639,-56.973,72.05,56,100,20.02,AR,1718294587
358,mount gambier,-37.8333,140.7667,42.96,79,100,4.68,AU,1718294601
359,sao joao da barra,-21.6403,-41.0511,84.29,60,0,13.6,BR,1718294601
360,greenland,43.0362,-70.8328,80.69,50,20,8.05,US,1718294477
361,tukrah,32.5341,20.5791,96.53,20,1,7.56,LY,1718294601
362,nova sintra,14.8667,-24.7167,73.04,83,100,22.66,CV,1718294601
363,sultanah,24.4926,39.5857,109.85,4,40,10.36,SA,1718294602
364,sisimiut,66.9395,-53.6735,37.06,69,8,3.94,GL,1718294306
365,tual,-5.6667,132.75,79.65,82,100,13.6,ID,1718294602
366,quellon,-43.1167,-73.6167,53.04,94,98,9.69,CL,1718294345
367,kufa,32.0347,44.4033,109.44,9,0,10.36,IQ,1718294602
368,new philadelphia,40.4898,-81.4457,82.72,56,17,5.01,US,1718294406
369,yelizovo,53.1873,158.3805,47.8,93,100,8.95,RU,1718294602
370,richards bay,-28.783,32.0377,68.14,73,48,6.85,ZA,1718294529
371,shirgaon,19.7,72.7,85.86,73,1,11.97,IN,1718294602
372,shingu,33.7333,135.9833,68.2,92,27,3.18,JP,1718294409
373,porto novo,6.4965,2.6036,87.62,66,64,9.44,BJ,1718294492
374,afaahiti,-17.75,-149.2833,71.47,83,94,16.96,PF,1718294603
375,pudozh,61.8099,36.5345,66.94,56,72,4.0,RU,1718294603
376,emerald,-23.5333,148.1667,46.35,60,0,9.37,AU,1718294603
377,rongelap,11.1635,166.8941,82.24,80,100,21.03,MH,1718294603
378,semikarakorsk,47.5194,40.8112,89.06,49,50,3.87,RU,1718294603
379,wainwright,52.839,-110.8572,50.74,89,100,10.67,CA,1718294603
380,aromashevo,56.8602,68.6375,74.46,77,32,5.64,RU,1718294603
381,kapuskasing,49.4169,-82.4331,66.29,77,100,4.61,CA,1718294522
382,al jawf,29.5,38.75,98.24,8,0,8.1,SA,1718294604
383,prince rupert,54.3161,-130.3201,48.29,87,20,3.44,CA,1718294489
384,laibin,23.7,109.2667,80.64,91,100,4.47,CN,1718294501
385,ugoofaaru,5.6667,73.0,84.02,76,30,13.2,MV,1718294604
386,suva,-18.1416,178.4415,90.88,55,40,0.0,FJ,1718294595
387,hudson,40.7168,-74.0663,87.93,45,0,8.01,US,1718294447
388,wajir,1.7471,40.0573,89.56,33,20,8.05,KE,1718294604
389,gadzhiyevo,69.2551,33.3362,44.89,75,37,13.6,RU,1718294604
390,grajau,-5.8194,-46.1386,89.71,42,40,8.88,BR,1718294487
391,sittwe,20.15,92.9,82.24,82,94,8.88,MM,1718294604
392,puerto san jose,13.9256,-90.8244,79.21,86,100,6.96,GT,1718294605
393,minab,27.1467,57.0801,94.08,43,2,3.33,IR,1718294605
394,arteche,12.2645,125.4048,80.47,86,65,6.4,PH,1718294605
395,ruteng,-8.6136,120.4721,62.91,100,94,0.51,ID,1718294570
396,monrovia,6.3005,-10.7969,83.97,81,54,10.47,LR,1718294605
397,hithadhoo,-0.6,73.0833,83.88,69,24,5.32,MV,1718294605
398,modra,48.334,17.3071,70.45,40,0,6.91,SK,1718294606
399,lucas,41.6501,-83.6666,85.08,52,0,8.05,US,1718294606
400,sidney,-33.8679,151.2073,52.72,75,97,6.91,AU,1718294313
401,xinyuan,37.3,99.0,45.25,77,80,6.35,CN,1718294606
402,vila do maio,15.1333,-23.2167,83.19,85,53,20.67,CV,1718294606
403,la'ie,21.6477,-157.9253,75.0,81,34,7.0,US,1718294606
404,sabha,27.0377,14.4283,106.5,6,0,9.46,LY,1718294606
405,vidisha,23.5333,77.8167,93.4,37,4,4.92,IN,1718294606
406,alfredo v. bonfil,21.0833,-86.85,87.75,74,100,13.0,MX,1718294606
407,port hedland,-20.3167,118.5667,66.25,52,6,8.05,AU,1718294606
408,katabu,-4.9333,122.5167,73.87,91,39,3.67,ID,1718294606
409,petropavlovsk-kamchatsky,53.0452,158.6483,46.45,90,100,10.0,RU,1718294607
410,san pedro pochutla,15.7333,-96.4667,78.51,88,100,0.76,MX,1718294607
411,morehead city,34.7229,-76.726,84.04,65,0,12.66,US,1718294462
412,turku,60.4515,22.2687,61.47,55,20,14.0,FI,1718294607
413,saucillo,28.0167,-105.2833,91.99,26,1,4.99,MX,1718294607
414,tucumcari,35.1717,-103.725,85.95,28,2,12.68,US,1718294607
415,loei,17.4167,101.5,72.99,84,98,4.79,TH,1718294607
416,port saint john's,-31.6229,29.5448,64.53,71,1,5.28,ZA,1718294607
417,yilan,24.757,121.753,86.05,93,100,2.39,TW,1718294607
418,argostolion,38.1811,20.489,89.67,51,20,5.75,GR,1718294608
419,yeosu,34.7546,127.6599,68.79,81,0,1.97,KR,1718294608
420,robore,-18.3333,-59.75,86.09,54,77,20.71,BO,1718294495
421,brandon,27.9378,-82.2859,91.92,73,40,8.05,US,1718294351
422,yuzhno-kurilsk,44.0306,145.8556,52.38,95,84,0.85,RU,1718294608
423,faya-largeau,17.9257,19.1043,114.69,7,0,9.22,TD,1718294608
424,neka,36.6508,53.299,80.11,74,75,4.61,IR,1718294608
425,la ronge,55.1001,-105.2842,55.62,87,100,5.75,CA,1718294608
426,kruisfontein,-34.0033,24.7314,57.88,79,4,4.03,ZA,1718294334
427,kurchatov,51.6601,35.6521,64.81,91,100,11.56,RU,1718294608
428,green river,41.5286,-109.4662,81.19,23,0,5.79,US,1718294609
429,karuri,-0.7,37.1833,66.79,76,21,1.68,KE,1718294609
430,soe,-9.8607,124.284,57.4,95,82,3.6,ID,1718294609
431,sydney,-33.8679,151.2073,52.72,75,97,6.91,AU,1718294313
432,turochak,52.2576,87.1224,60.24,95,75,1.07,RU,1718294609
433,dwarka,22.2394,68.9678,85.44,81,0,14.05,IN,1718294609
434,mount isa,-20.7333,139.5,64.17,36,0,8.05,AU,1718294609
435,burley,42.5357,-113.7928,68.31,27,16,2.75,US,1718294590
436,grand falls-windsor,48.9332,-55.6649,66.51,72,87,3.0,CA,1718294573
437,mongagua,-24.0931,-46.6208,84.79,37,0,3.11,BR,1718294566
438,montana,43.4125,23.225,76.23,78,83,4.7,BG,1718294610
439,ujae,8.9322,165.7642,82.67,82,100,20.62,MH,1718294610
440,iwon-up,40.3231,128.6553,61.93,93,42,1.68,KP,1718294610
441,wodonga,-36.1167,146.8833,42.96,100,100,2.91,AU,1718294610
442,trinidad,-14.8333,-64.9,87.78,62,40,13.8,BO,1718294415
443,palembang,-2.9167,104.7458,82.49,83,40,3.44,ID,1718294549
444,korfovskiy,48.2183,135.0564,56.66,84,96,4.97,RU,1718294610
445,harper,4.375,-7.7169,80.11,81,56,11.83,LR,1718294610
446,lubao,14.9167,120.55,84.27,84,60,2.48,PH,1718294610
447,huarmey,-10.0681,-78.1522,68.86,72,32,8.95,PE,1718294611
448,bonny,4.4522,7.1681,83.08,75,47,11.77,NG,1718294611
449,hohhot,40.8106,111.6522,68.29,42,0,6.71,CN,1718294611
450,buka,40.8108,69.1986,75.94,23,45,9.82,UZ,1718294412
451,penzance,50.1186,-5.5371,57.88,100,100,17.27,GB,1718294611
452,kauhava,63.103,23.0713,55.96,76,72,1.83,FI,1718294611
453,naama,33.2667,-0.3167,88.93,16,83,8.46,DZ,1718294611
454,elektrogorsk,55.8794,38.7919,66.2,97,97,10.49,RU,1718294611
455,bagrationovsk,54.3871,20.6437,58.55,91,100,9.71,RU,1718294612
456,tabou,4.423,-7.3528,80.19,81,56,11.61,CI,1718294612
457,shanghai,31.2222,121.4581,75.06,91,100,8.95,CN,1718294383
458,namdrik,5.5994,168.1028,82.78,77,99,12.12,MH,1718294612
459,mazagao,-0.115,-51.2894,87.85,53,5,5.03,BR,1718294612
460,howard springs,-12.497,131.047,67.91,94,84,2.19,AU,1718294612
461,paranaiba,-19.6772,-51.1908,88.38,20,0,12.71,BR,1718294613
462,mersing,2.4312,103.8405,78.71,89,20,6.91,MY,1718294613
463,balabac,7.9868,117.0645,80.4,85,80,5.39,PH,1718294613
464,caras,-9.0467,-77.8114,71.29,55,57,3.51,PE,1718294613
465,zliten,32.4674,14.5687,76.03,76,3,19.1,LY,1718294613
466,nanpiao,41.0982,120.7479,66.65,91,100,2.84,CN,1718294613
467,kokuy,52.2037,117.5529,49.87,85,54,1.45,RU,1718294613
468,tommot,58.9564,126.2925,49.15,96,43,3.33,RU,1718294613
469,selfoss,63.9331,-20.9971,58.05,69,100,13.6,IS,1718294614
470,sibolga,1.7427,98.7792,77.47,94,100,3.98,ID,1718294614
471,sarandi del yi,-33.35,-55.6333,71.17,70,100,19.8,UY,1718294614
472,dalandzadgad,43.5708,104.425,66.07,24,21,8.7,MN,1718294614
473,dauphin,51.1494,-100.0502,62.74,72,0,3.44,CA,1718294408
474,usogorsk,63.4106,48.6872,63.66,94,100,2.8,RU,1718294436
475,la libertad,-2.2333,-80.9,74.86,78,75,10.36,EC,1718294579
476,grootfontein,-19.5667,18.1167,72.97,17,0,9.22,NA,1718294614
477,nizao,18.25,-70.2,91.36,66,41,9.75,DO,1718294614
478,zakamensk,50.3741,103.2863,47.57,83,14,3.18,RU,1718294615
479,tobruk,32.0836,23.9764,86.52,40,1,7.61,LY,1718294615
480,zag,46.9441,99.165,54.03,61,84,4.14,MN,1718294615
481,brookings,44.3114,-96.7984,64.4,82,75,6.91,US,1718294433
482,siirt,37.9326,41.9403,85.64,26,0,7.54,TR,1718294615
483,waddan,29.1614,16.139,109.85,6,0,15.99,LY,1718294615
484,tazovsky,67.4667,78.7,44.6,95,100,9.8,RU,1718294538
485,forster,-32.1667,152.5167,54.28,78,100,9.98,AU,1718294615
486,cururupu,-1.8283,-44.8683,88.65,54,34,5.26,BR,1718294573
487,kourou,5.1552,-52.6478,87.85,68,33,7.14,GF,1718294616
488,margate,51.3813,1.3862,60.31,63,100,10.0,GB,1718293845
489,buenavista del norte,28.3746,-16.861,77.45,73,5,14.36,ES,1718294350
490,khanabad,36.6825,69.1156,89.58,20,1,3.27,AF,1718294616
491,banganapalle,15.3167,78.2333,84.56,64,90,16.84,IN,1718294616
492,furstenberg,53.1833,13.15,59.25,54,95,7.63,DE,1718294616
493,sarh,9.1429,18.3923,94.91,52,40,6.91,TD,1718294616
494,tokombere,11.2271,13.4858,101.91,23,92,7.92,NG,1718294616
495,shagonar,51.5333,92.8,64.4,50,22,2.15,RU,1718294616
496,nacozari viejo,30.4,-109.65,91.62,9,57,1.03,MX,1718294617
497,lampasas,31.2168,-98.2336,87.1,75,9,3.89,US,1718294403
498,marshall,34.3834,-86.3333,86.09,70,0,4.61,US,1718294036
499,golere,16.2557,-14.1017,110.43,13,61,13.51,SN,1718294617
500,hadibu,12.65,54.0333,85.75,62,39,12.1,YE,1718294617
501,ascension,30.2169,-90.9001,90.1,63,0,0.0,US,1718294617
502,nova vicosa,-17.8919,-39.3719,78.67,69,58,10.33,BR,1718294617
503,bamboo flat,11.7,92.7167,82.49,89,40,5.75,IN,1718294617
504,lamezia terme,38.9659,16.3092,77.09,65,100,16.11,IT,1718294617
505,laojunmiao,39.8333,97.7333,70.66,29,100,2.53,CN,1718294618
506,san clemente del tuyu,-36.3569,-56.7235,70.99,75,100,18.9,AR,1718294618
507,les cayes,18.2,-73.75,86.04,70,59,12.39,HT,1718294618
508,le port,-20.9373,55.2919,77.0,78,99,13.44,RE,1718294618
509,krutinka,56.0055,71.5113,64.9,97,100,14.38,RU,1718294591
510,amahai,-3.3333,128.9167,77.36,86,90,4.07,ID,1718294618
511,penhalonga,-18.8911,32.6978,52.88,43,0,3.42,ZW,1718294463
512,moapa valley,36.5805,-114.4703,93.67,9,0,2.71,US,1718294618
513,puerto rico,-26.796,-55.024,83.7,39,100,8.57,AR,1718294618
514,verdal,63.7933,11.4817,71.64,35,44,4.79,NO,1718294618
515,luganville,-15.5333,167.1667,73.42,83,25,9.84,VU,1718294479
516,alekseyevka,50.6309,38.6903,67.26,78,95,11.92,RU,1718294619
517,salekhard,66.53,66.6019,65.39,63,94,8.99,RU,1718294619
518,qandala,11.472,49.8728,90.9,63,81,3.22,SO,1718294619
519,mumbwa,-14.9783,27.0619,63.72,29,1,5.01,ZM,1718294619
520,rakops,-21.0167,24.3333,64.87,20,10,5.5,BW,1718294619
521,tres arroyos,-38.3739,-60.2798,61.41,97,100,3.42,AR,1718294619
522,banamba,13.55,-7.45,98.74,27,85,11.68,ML,1718294619
523,abra pampa,-22.7205,-65.697,54.39,16,79,5.82,AR,1718294619
524,saint-pierre,-21.3393,55.4781,76.68,61,96,5.75,RE,1718294552
525,marsabit,2.3284,37.9899,72.05,42,14,13.2,KE,1718294620
526,ulladulla,-35.35,150.4667,49.3,81,100,6.89,AU,1718294620
527,nkongsamba,4.9547,9.9404,75.81,89,88,1.43,CM,1718294620
528,teruel,40.6667,-0.6667,73.83,31,42,17.45,ES,1718294620
529,stornoway,58.2093,-6.3865,58.03,74,0,9.22,GB,1718294620
530,nsanje,-16.92,35.262,71.35,46,12,5.86,MW,1718294621
531,mukalla,14.5425,49.1242,88.47,67,25,6.98,YE,1718294499
532,bengkulu,-3.8004,102.2655,78.04,92,100,3.13,ID,1718294621
533,harnosand,62.6323,17.9379,60.82,73,35,7.34,SE,1718294622
534,serebryanyye prudy,54.4692,38.721,70.59,88,38,7.72,RU,1718294622
535,samarinda,-0.5,117.15,74.32,96,100,1.95,ID,1718294622
536,troitsko-pechorsk,62.7084,56.1964,71.69,75,94,1.99,RU,1718294622
537,erechim,-27.6342,-52.2739,72.36,58,64,8.99,BR,1718294491
538,tamanrasset,22.785,5.5228,100.31,9,40,2.3,DZ,1718294622
539,port pirie,-33.1833,138.0167,61.3,56,87,13.6,AU,1718294622
540,ekibastuz,51.6667,75.3667,68.61,75,88,9.06,KZ,1718294500
541,ishigaki,24.3448,124.1572,82.53,100,75,9.22,JP,1718294623
542,akrehamn,59.2667,5.1833,54.21,58,20,5.75,NO,1718294623
543,kill devil hills,36.0307,-75.676,84.2,68,0,9.22,US,1718294623
544,vorkuta,67.5,64.0,46.11,100,100,4.0,RU,1718294623
545,novoleushkovskaya,45.9956,39.9921,84.78,33,26,11.3,RU,1718294623
546,simplicio mendes,-7.8539,-41.9103,93.52,25,74,12.03,BR,1718294623
547,kisangani,0.5167,25.2,81.37,67,99,2.77,CD,1718294623
548,pasni,25.2631,63.471,83.26,87,15,9.73,PK,1718294623
549,armacao de buzios,-22.7469,-41.8817,86.05,60,0,18.39,BR,1718294623
550,batarasa,8.6617,117.6222,79.74,84,67,3.71,PH,1718294623
551,hami,42.8,93.45,87.26,18,13,6.89,CN,1718294624
552,perry,37.2506,-83.1999,82.58,47,34,4.16,US,1718294342
553,orange walk,17.8333,-88.8333,84.78,74,100,3.31,BZ,1718294474
554,plesetsk,62.708,40.2916,67.62,59,100,1.07,RU,1718294455
555,sant'ambrogio di valpollicella,45.5209,10.8362,72.82,46,40,5.75,IT,1718294475
556,makokou,0.5738,12.8642,87.12,55,99,0.72,GA,1718294624
557,chacabuco,-34.6417,-60.4739,81.82,39,100,18.45,AR,1718294625
558,atotonilco el grande,20.2833,-98.6667,72.68,34,98,6.24,MX,1718294625
559,papao,-17.75,-149.55,73.08,83,49,18.34,PF,1718294625
560,singkil,-7.9855,111.4161,76.35,93,64,3.31,ID,1718294625
561,menongue,-14.6585,17.691,72.3,19,0,5.93,AO,1718294625
562,romanovka,51.7443,42.7527,69.21,90,59,16.28,RU,1718294625
563,viransehir,37.2353,39.7631,95.65,14,4,13.87,TR,1718294625
564,ojinaga,29.5667,-104.4167,98.56,43,0,5.75,MX,1718294625
565,santa cruz,-17.8,-63.1667,82.45,74,40,20.71,BO,1718294455
566,motygino,58.1831,94.7592,66.78,65,63,1.99,RU,1718294625
567,camapua,-19.5314,-54.0439,89.85,20,0,15.66,BR,1718294626
568,chachapoyas,-6.2317,-77.869,65.73,68,38,1.3,PE,1718294626
569,junction city,39.0286,-96.8314,89.56,67,30,11.01,US,1718294583
570,kununurra,-15.7667,128.7333,62.58,77,4,0.0,AU,1718294447
